id,username
1422119493141213184,unilever
1421774031796178944,unilever
1421579923924258820,unilever
1421371911498567683,unilever
1421104335971397637,unilever
1420734980632858625,unilever
1420614033598828545,unilever
1420392555464830990,unilever
1420332274151739394,unilever
1420055408627101702,unilever
1420001136312999937,unilever
1419676572890681350,unilever
1418115555408715777,unilever
1417094488242200582,unilever
1417092023916564482,unilever
1416771741762871305,unilever
1416707820637011968,unilever
1416647170925633541,unilever
1416489381272211466,unilever
1416409488014422016,unilever
1416396016178319360,unilever
1416338386319720453,unilever
1416294525136408581,unilever
1416279550632288260,unilever
1415806883898609666,unilever
1415744724460208129,unilever
1415706975753568258,unilever
1415698338402508805,unilever
1415614009416589318,unilever
1415608387132432389,unilever
1415286894137647109,unilever
1415232039402541057,unilever
1414999385423990784,unilever
1414957742364708871,unilever
1414929119440162827,unilever
1414861181748195330,unilever
1414842844137889793,unilever
1414819880428195840,unilever
1414559598690844675,unilever
1414148846016471048,unilever
1414101197691236352,unilever
1413847018829762560,unilever
1413810582978011138,unilever
1413756121186246657,unilever
1413601602884145152,unilever
1413549509729210373,unilever
1413529985147711491,unilever
1413492422777008135,unilever
1413491628367548419,unilever
1413465093950504968,unilever
1413435636535627781,unilever
1413060269203509248,unilever
1413044727474270209,unilever
1412703298113753088,unilever
1412103290708545537,unilever
1411993847933063173,unilever
1411786140387000331,unilever
1411433567264165898,unilever
1411326346777841664,unilever
1411260325060661255,unilever
1411196756877000704,unilever
1411012740492283907,unilever
1410965986262593547,unilever
1410934538088427524,unilever
1410891922416320512,unilever
1410875614698090497,unilever
1410823592955334656,unilever
1410805199342641156,unilever
1410623552965971969,unilever
1410607031300485130,unilever
1410605906652368904,unilever
1410600347551211524,unilever
1410585839684440069,unilever
1410567111026561024,unilever
1410563678076870658,unilever
1410255518006845443,unilever
1410251447908851715,unilever
1410207958105874433,unilever
1409741051653287940,unilever
1409574460823425029,unilever
1409495793191563268,unilever
1409098325786128386,unilever
1409084532805050369,unilever
1409052905164914690,unilever
1408954338689441796,unilever
1408849416971112455,unilever
1408820465099972608,unilever
1408704333525356548,unilever
1408700234490781700,unilever
1408700178467459079,unilever
1408628332841766912,unilever
1408517772233953281,unilever
1408498974324002820,unilever
1408460357849411591,unilever
1408459315069931530,unilever
1408429304816361480,unilever
1408167108421197824,unilever
1408140806251184130,unilever
1408138606032556036,unilever
1408096074732998664,unilever
1408095357045669890,unilever
1408094903725223936,unilever
1408088689499017218,unilever
1408072573812822024,unilever
1408072168076767243,unilever
1408064881010483201,unilever
1408050735548223495,unilever
1408050064824537091,unilever
1408025593673707523,unilever
1408021177310711812,unilever
1408020450123337729,unilever
1408014275000606722,unilever
1408006822577926145,unilever
1408001277926199299,unilever
1407981589162872833,unilever
1407838605167316995,unilever
1407719099967418368,unilever
1407674045022224392,unilever
1407672775649632266,unilever
1407611790058397698,unilever
1407462651932778497,unilever
1407438492590919681,unilever
1407399737402310659,unilever
1407387616425644040,unilever
1407381231629598723,unilever
1407372306427658243,unilever
1407352445282525188,unilever
1407294559147671553,unilever
1407282521063055362,unilever
1407259236896186371,unilever
1407258058565341187,unilever
1407022571946606600,unilever
1407022482167500801,unilever
1406907953622372356,unilever
1406870203426742272,unilever
1406869827692601349,unilever
1406850498393645058,unilever
1406688138810957824,unilever
1406660304243617793,unilever
1406526986382573570,unilever
1406346314183446528,unilever
1406239918855122945,unilever
1406186771914895362,unilever
1405879704750477313,unilever
1405859497902477317,unilever
1405826650751782916,unilever
1405741732948418562,unilever
1405640244297289728,unilever
1405639934535368704,unilever
1405639217049313285,unilever
1405588584363483141,unilever
1405567204347760642,unilever
1405546844843757570,unilever
1405538060096327688,unilever
1405477650785878017,unilever
1405260893877846016,unilever
1405225948090273792,unilever
1405215400053329930,unilever
1405199685887741953,unilever
1405181607082819586,unilever
1405085916327297027,unilever
1405057909436796934,unilever
1404894880782950401,unilever
1404881478815604737,unilever
1404850850216960006,unilever
1404381749417811971,unilever
1404376447586762758,unilever
1404359945823399941,unilever
1403636440039399425,unilever
1403472862518808577,unilever
1403439894819590146,unilever
1403398371495190528,unilever
1403363440580780033,unilever
1403354331143819264,unilever
1403333876269916166,unilever
1403287298154840064,unilever
1403176908569812992,unilever
1403175416236363776,unilever
1403175096282345474,unilever
1403159295890501636,unilever
1403099714476675076,unilever
1403098439735336961,unilever
1403097609837813765,unilever
1403044801692377101,unilever
1403029691808747524,unilever
1403003353999699970,unilever
1402969119377477640,unilever
1402954532292861956,unilever
1402933016855564288,unilever
1402862842362138626,unilever
1402814106298576896,unilever
1402683983981338632,unilever
1402584624103104512,unilever
1402319725787422723,unilever
1402005640382337027,unilever
1401994771631988736,unilever
1401965106309734400,unilever
1401964950386446338,unilever
1401949477561270274,unilever
1401947660966268928,unilever
1401939086030561280,unilever
1401939023359143941,unilever
1401935633161998338,unilever
1401934372933013509,unilever
1401931705078870018,unilever
1401889976715989002,unilever
1401832889667440642,unilever
1401832742304747520,unilever
1401641635755151360,unilever
1401634883571757061,unilever
1401634796049104899,unilever
1401599156666331136,unilever
1401533492647710723,unilever
1401361777858801665,unilever
1401247017100214275,unilever
1401246247638368257,unilever
1401211926953172992,unilever
1401211806375313410,unilever
1401198701347934218,unilever
1401193615662059525,unilever
1401179422015725572,unilever
1401094440207409154,unilever
1400907866505023489,unilever
1400907612229496834,unilever
1400901921586638850,unilever
1400900386517524482,unilever
1400890777228611586,unilever
1400890253834014721,unilever
1400886983677734914,unilever
1400886911233794048,unilever
1400884598460936196,unilever
1400875071262969861,unilever
1400871515227230208,unilever
1400862078773067778,unilever
1400850151929827330,unilever
1400841658619469825,unilever
1400712806606020615,unilever
1400712771784826887,unilever
1400532295384064002,unilever
1400487427202973698,unilever
1400485713511026689,unilever
1400483951001575425,unilever
1400475888123146241,unilever
1400475086625333248,unilever
1400458977498988564,unilever
1400446571603394564,unilever
1400441789719347204,unilever
1400266987691986954,unilever
1400259488351866880,unilever
1400216656144519173,unilever
1400155428630130690,unilever
1400125057175785474,unilever
1400094223714578439,unilever
1400025271978373125,unilever
1399878739501137922,unilever
1399869531783372804,unilever
1399865275437117440,unilever
1399836950870122497,unilever
1399785565482983425,unilever
1399760188710682624,unilever
1399758299625631748,unilever
1399631297442689024,unilever
1399073806858080256,unilever
1398953835180269570,unilever
1398828942300114945,unilever
1398714284398444545,unilever
1398687612353716224,unilever
1398647830432993280,unilever
1398371568523255811,unilever
1398336621456478208,unilever
1398313637211635714,unilever
1398311603288825864,unilever
1398310490963529732,unilever
1398310369819430914,unilever
1398249192183762947,unilever
1398214966176591877,unilever
1398203034203787265,unilever
1397980841918140416,unilever
1397948194126970886,unilever
1397938917006000132,unilever
1397919465610747911,unilever
1397903714694860807,unilever
1397881747623268357,unilever
1397743900895313921,unilever
1397587922799546370,unilever
1397228309742866436,unilever
1397079049839603712,unilever
1396921662394671104,unilever
1396921546724102144,unilever
1396921323071315971,unilever
1396921270290190338,unilever
1396913686942420993,unilever
1396763339515121666,unilever
1396756727207538692,unilever
1396730332305522689,unilever
1396092186903646210,unilever
1396092135179362305,unilever
1396031327812587523,unilever
1396024899169312768,unilever
1395747182393712641,unilever
1395746452006084608,unilever
1395709375612813315,unilever
1395701655694307330,unilever
1395546194148007941,unilever
1395546135867977729,unilever
1395510509093359622,unilever
1395389884152664069,unilever
1395314556759515140,unilever
1395307919529369600,unilever
1395051366142337028,unilever
1395036620835983367,unilever
1394994922416185344,unilever
1394993949597650947,unilever
1394993523338928132,unilever
1394721198462754816,unilever
1394670154341040128,unilever
1394658459031724033,unilever
1394655076627537920,unilever
1394135194437787648,unilever
1393975946022064130,unilever
1393667324952014849,unilever
1393619022348886019,unilever
1393604493854474240,unilever
1393596824959602692,unilever
1393596488693911560,unilever
1393576714916155394,unilever
1393353120315412481,unilever
1393351589352538112,unilever
1393298056007716864,unilever
1393294094902857730,unilever
1393223560731127814,unilever
1393218464437792774,unilever
1393217229286559744,unilever
1393215596439900160,unilever
1393215216939196421,unilever
1392832585324122117,unilever
1392778831434436609,unilever
1392749452730015747,unilever
1392478403861876741,unilever
1392477489625280521,unilever
1392369197225627650,unilever
1392223092429099009,unilever
1392062988622782467,unilever
1392017378817499142,unilever
1391817951263690753,unilever
1391815115494727683,unilever
1391792196383252482,unilever
1391781050901168129,unilever
1391757531731709955,unilever
1391308457597300738,unilever
1391092707062255616,unilever
1391078945454501889,unilever
1391019389307215880,unilever
1391019198097149958,unilever
1391017517280161795,unilever
1390888825879109635,unilever
1390888360273604609,unilever
1390763624839352320,unilever
1390763133430640641,unilever
1390763075976929280,unilever
1390748509654061057,unilever
1390684608446955525,unilever
1390683672395747331,unilever
1390681074003554305,unilever
1390670406122672128,unilever
1390670334643171333,unilever
1390669074552823813,unilever
1390474100485857289,unilever
1390474041971011589,unilever
1390467751014064132,unilever
1390442511127175169,unilever
1390442455179304961,unilever
1390442146042241029,unilever
1390441488920678401,unilever
1390432600574111744,unilever
1390432547838959621,unilever
1390417411388542976,unilever
1390416990335082505,unilever
1390416874115002371,unilever
1390405627168530433,unilever
1390378052891279360,unilever
1390358559825666048,unilever
1390358520072077314,unilever
1390340486750040068,unilever
1390340298190950403,unilever
1390338076396847120,unilever
1390321999671554055,unilever
1390303586593120269,unilever
1390297684989284353,unilever
1390297470052143104,unilever
1390282181088399365,unilever
1390101759763173379,unilever
1390084868856418304,unilever
1390053152406138881,unilever
1390047211107405827,unilever
1390045958512136192,unilever
1390032995604652032,unilever
1390032903724142593,unilever
1390030985132089347,unilever
1390021279290429447,unilever
1390021176416555008,unilever
1390020781975945221,unilever
1390020683028070405,unilever
1390020457563246594,unilever
1390007725434671105,unilever
1389998179538464770,unilever
1389997720115445761,unilever
1389993364695748609,unilever
1389993305677598720,unilever
1389992461938819072,unilever
1389984220311924742,unilever
1389980881482240001,unilever
1389980169335541762,unilever
1389969889314578435,unilever
1389966346620858372,unilever
1389962623630790663,unilever
1389959420742803457,unilever
1389957774491148289,unilever
1389957720531378179,unilever
1389954405311520768,unilever
1389954204358168580,unilever
1389945698485825541,unilever
1389945593775026178,unilever
1389903132075900929,unilever
1389795499876618249,unilever
1389646118758150144,unilever
1389591552813518852,unilever
1389581163669434370,unilever
1389566500223164416,unilever
1389542952880443395,unilever
1389517913611247619,unilever
1389517901506433024,unilever
1389517886423699457,unilever
1389517869747167232,unilever
1389279822442950658,unilever
1389276723661873159,unilever
1389273114429689860,unilever
1389245486842847239,unilever
1388918078285643778,unilever
1388888316557205505,unilever
1388554725847535618,unilever
1388545373128433665,unilever
1388496818531573762,unilever
1388335925936021511,unilever
1388234896116641796,unilever
1388223630929104897,unilever
1388179338156118022,unilever
1388163884268281860,unilever
1388163881881804800,unilever
1388152945925976066,unilever
1388150484129566731,unilever
1387935043146764292,unilever
1387934369692590080,unilever
1387933027381125121,unilever
1387932564426346498,unilever
1387932436047171585,unilever
1387908255628750853,unilever
1387905912292139011,unilever
1387905852879753216,unilever
1387905369414934528,unilever
1387904184586932226,unilever
1387903330102415372,unilever
1387903284145397760,unilever
1387705466705244160,unilever
1387695886889803776,unilever
1387666505630945288,unilever
1387506475157778436,unilever
1387504778398380032,unilever
1387464182715625475,unilever
1387443316820635648,unilever
1387441815482081283,unilever
1387408377316364290,unilever
1387336794140815364,unilever
1387330911725932551,unilever
1387170888018141188,unilever
1387165408399020032,unilever
1387155385899917313,unilever
1387144262039474176,unilever
1387142800039288834,unilever
1387136467412021251,unilever
1387124891317641227,unilever
1387100228650770436,unilever
1387085233577766912,unilever
1387070897660563459,unilever
1387064901441671169,unilever
1387056691737419781,unilever
1386769151889268738,unilever
1386761075295588353,unilever
1386760190645608449,unilever
1386760002703032323,unilever
1386759759139721218,unilever
1386759098142629889,unilever
1386693191173251074,unilever
1386638310638977029,unilever
1386487046223532035,unilever
1386485679836721155,unilever
1386387461237051401,unilever
1386387409458196487,unilever
1386203145953370118,unilever
1386179599113986049,unilever
1386052303023599625,unilever
1386039641132847109,unilever
1386038514895237123,unilever
1386038464244686851,unilever
1386019961915596803,unilever
1386019435824128005,unilever
1385993716792397825,unilever
1385993626719690752,unilever
1385993188771463173,unilever
1385927501763993604,unilever
1385870878005731328,unilever
1385679189743783940,unilever
1385678644954075137,unilever
1385677143879819265,unilever
1385671650851627009,unilever
1385647909006360577,unilever
1385645574657953801,unilever
1385617839113920512,unilever
1385617167345872902,unilever
1385609287276367873,unilever
1385609206246514689,unilever
1385607368906469378,unilever
1385596723603546120,unilever
1385596346145525773,unilever
1385590238492254211,unilever
1385577826431258626,unilever
1385533751527034882,unilever
1385447590481780737,unilever
1385446248279314435,unilever
1385443830414123012,unilever
1385442676951207937,unilever
1385435306422267904,unilever
1385435157071417351,unilever
1385425798178516993,unilever
1385425328646987779,unilever
1385354184795377664,unilever
1385352810850525190,unilever
1385352609347870724,unilever
1385352488203603969,unilever
1385352243650629636,unilever
1385345919265107969,unilever
1385322110634000384,unilever
1385319243298787331,unilever
1385291700906577922,unilever
1385291150504841217,unilever
1385285352370315264,unilever
1385284838924591104,unilever
1385281998101565450,unilever
1385262080324882432,unilever
1385261392454848517,unilever
1385257320150564867,unilever
1385256851005079554,unilever
1385251189114081283,unilever
1385250919927861253,unilever
1385240917355995145,unilever
1385220742350921735,unilever
1385206248820334594,unilever
1385169583611449346,unilever
1385163027734016001,unilever
1385002696738893827,unilever
1385001388950777856,unilever
1384935143849271296,unilever
1384934382226583561,unilever
1384933808974311424,unilever
1384933293959913478,unilever
1384904534095548417,unilever
1384902643852664835,unilever
1384844112558534659,unilever
1384805931838492672,unilever
1384766853398941698,unilever
1384635614977425412,unilever
1384635421951287300,unilever
1384634845096120321,unilever
1384621346211074057,unilever
1384550175595765765,unilever
1384498837717278725,unilever
1384291987218583553,unilever
1384268570125869056,unilever
1384242821171859466,unilever
1384242611955724295,unilever
1384241775632470016,unilever
1384241366926983181,unilever
1384230821574311937,unilever
1384227832985882629,unilever
1384211568217387015,unilever
1384210621227429893,unilever
1384200434156412935,unilever
1384195741158055936,unilever
1384195679703027720,unilever
1384194588219375618,unilever
1384193598501974024,unilever
1384184768221237255,unilever
1384149983968972800,unilever
1384149919582212100,unilever
1384140937723408385,unilever
1384135131338711051,unilever
1384131709550030861,unilever
1384075965014310916,unilever
1384058415597572099,unilever
1383845166893518852,unilever
1383844153667117068,unilever
1383821682473783297,unilever
1383821319456755727,unilever
1383812990051356683,unilever
1383812675474321419,unilever
1383812092738736139,unilever
1383810981554315274,unilever
1383807859322802177,unilever
1383807306035449858,unilever
1383804675829374984,unilever
1383804306311184387,unilever
1383799746549014530,unilever
1383794745290289155,unilever
1383698648404353029,unilever
1383194733414019075,unilever
1383192763743694856,unilever
1383188833152344066,unilever
1383188034259062787,unilever
1383183760254930947,unilever
1383183170758012929,unilever
1383182999278084099,unilever
1383154201191014401,unilever
1383153866913374209,unilever
1383135040599560193,unilever
1383121928710344704,unilever
1383120928612052992,unilever
1383119097555156992,unilever
1383118887810605057,unilever
1383113238632558594,unilever
1383093228694478849,unilever
1383078666293301251,unilever
1383077810017685511,unilever
1383077193920696324,unilever
1383076892257882121,unilever
1382926414698057732,unilever
1382834875124703235,unilever
1382834084368445440,unilever
1382809886614904835,unilever
1382776612169523205,unilever
1382763760830488576,unilever
1382714136639930369,unilever
1382701349004017666,unilever
1382700482980945926,unilever
1382700129690484742,unilever
1382653808942075906,unilever
1382633367703756800,unilever
1382518431413530628,unilever
1382470569904336897,unilever
1382460734920085508,unilever
1382460672382935042,unilever
1382445666778042369,unilever
1382445134235660292,unilever
1382444550237478912,unilever
1382387784305020937,unilever
1382347137879584768,unilever
1382293695861465088,unilever
1382292423271849985,unilever
1382269142892310528,unilever
1382194381327720449,unilever
1382164837011132417,unilever
1382095111719292930,unilever
1382057639836733441,unilever
1382039335084560384,unilever
1382035103338024963,unilever
1382031194695430145,unilever
1381986762705170432,unilever
1381981248659275777,unilever
1381939983678853124,unilever
1381661195912978433,unilever
1381660950776803329,unilever
1381660444889255936,unilever
1381660318191902721,unilever
1381659688408739845,unilever
1381659134412484609,unilever
1381658918082932736,unilever
1381658831319560199,unilever
1381652775260413954,unilever
1381652632104656899,unilever
1380481474139320327,unilever
1380467266773381126,unilever
1380299668089925634,unilever
1380299592592359426,unilever
1380282051925049344,unilever
1380274114489815042,unilever
1380273865578835975,unilever
1380257389417406464,unilever
1380240779977883654,unilever
1380227433480122368,unilever
1380226678186631168,unilever
1380225536333545474,unilever
1380219745312464896,unilever
1380219398061924358,unilever
1380218814541881344,unilever
1380164425362124804,unilever
1380149635335917568,unilever
1380144393982779394,unilever
1380085342854729729,unilever
1380057758477611013,unilever
1380057614470443011,unilever
1379904996347535362,unilever
1379882292026470403,unilever
1379880912905723904,unilever
1379788093033574407,unilever
1379769484492296195,unilever
1379755309745369089,unilever
1379755178635628545,unilever
1379725155623084032,unilever
1379723418489118722,unilever
1379584612884619265,unilever
1379583560831524867,unilever
1379582667750969345,unilever
1379547648001155073,unilever
1379517758770184203,unilever
1379487566915891204,unilever
1379484409670275075,unilever
1379458936969986055,unilever
1379448822980558849,unilever
1379439403693641729,unilever
1379416536205647872,unilever
1379402215341883398,unilever
1379369340005310466,unilever
1379134277783220225,unilever
1379030728176848898,unilever
1379023518575206402,unilever
1379023261174919169,unilever
1378914855810306051,unilever
1378758092628893704,unilever
1378744518032248832,unilever
1378613479255367681,unilever
1378591569821855749,unilever
1378576791980281860,unilever
1378575871636742144,unilever
1378335773842231296,unilever
1378303748628389890,unilever
1378242773875232770,unilever
1378188429037502464,unilever
1378048606876229635,unilever
1378020194577092610,unilever
1377995344668098567,unilever
1377974374779613184,unilever
1377941482032701444,unilever
1377910231531876352,unilever
1377734515561406464,unilever
1377729599933538304,unilever
1377687328303423490,unilever
1377679981589893126,unilever
1377653839927472134,unilever
1377652932355629060,unilever
1377651469084553218,unilever
1377650813418414081,unilever
1377649920966991872,unilever
1377649197743104003,unilever
1377647399024291842,unilever
1377645609327333379,unilever
1377596958790070272,unilever
1377579594140688388,unilever
1377567733966123009,unilever
1377550498526457856,unilever
1377549144886280192,unilever
1377399572356472836,unilever
1377381942325297153,unilever
1377374392741552130,unilever
1377368979379904514,unilever
1377364877522599940,unilever
1377363921468747776,unilever
1377353504898048014,unilever
1377346086902190080,unilever
1377317402413654019,unilever
1377317355303264263,unilever
1377300153518841856,unilever
1377290362641874945,unilever
1377272569649242113,unilever
1377249541523709953,unilever
1377231366421635074,unilever
1377171052753719296,unilever
1377064724471275520,unilever
1376966611924525056,unilever
1376958393731051522,unilever
1376957454295080961,unilever
1376957335382290433,unilever
1376954919870103556,unilever
1376954711337668613,unilever
1376953178822909952,unilever
1376951450216001539,unilever
1376942422597451776,unilever
1376939619472711682,unilever
1376826440755290117,unilever
1376795326896513026,unilever
1376602322332098569,unilever
1376600281119531013,unilever
1376586525937266688,unilever
1376585911152955394,unilever
1376585077233082368,unilever
1376561927120359426,unilever
1376556235646898185,unilever
1376372798361272323,unilever
1376234048616493060,unilever
1376220714118696960,unilever
1376158544358072322,unilever
1376143471946309632,unilever
1376038235667755016,unilever
1375907254730289152,unilever
1375906562699456512,unilever
1375905733795934209,unilever
1375863702788923395,unilever
1375862699343585280,unilever
1375862416924360706,unilever
1375860842546274305,unilever
1375839315788357633,unilever
1375837264157175811,unilever
1375832312798044162,unilever
1375829571954565120,unilever
1375802321515372544,unilever
1375788442685210627,unilever
1375770698975617024,unilever
1375742389164199941,unilever
1375737736674467843,unilever
1375546081082232836,unilever
1375540524925345799,unilever
1375529531029737474,unilever
1375526530626023425,unilever
1375525255880450050,unilever
1375524952695132162,unilever
1375524792183365634,unilever
1375524295158362116,unilever
1375524028534849541,unilever
1375523890554757120,unilever
1375523146829205508,unilever
1375523032446345219,unilever
1375522347592032257,unilever
1375515547576623105,unilever
1375514932280664065,unilever
1375511021092106240,unilever
1375510745102741507,unilever
1375509852433211394,unilever
1375467979874263045,unilever
1375466897995493385,unilever
1375465990662721538,unilever
1375368676371750918,unilever
1375209997202644993,unilever
1375174319949541377,unilever
1375174145831411712,unilever
1375173817786462209,unilever
1375146564797165568,unilever
1375142874694623235,unilever
1375142036840456196,unilever
1375135623321804800,unilever
1375126238935793665,unilever
1375122066018508806,unilever
1375118994894684161,unilever
1375103125351100419,unilever
1375102981880782848,unilever
1375092052162007041,unilever
1375091171848937473,unilever
1375090632662806528,unilever
1375090288411074560,unilever
1375089814723174403,unilever
1375089227210256389,unilever
1375081158761881602,unilever
1375072401600380931,unilever
1375072053552816138,unilever
1375071586491854848,unilever
1374917426203086851,unilever
1374845254092816385,unilever
1374795624999133188,unilever
1374794059756105730,unilever
1374792294000254976,unilever
1374759407368564736,unilever
1374758666411286529,unilever
1374758273459523586,unilever
1374555574050820103,unilever
1374552351856496645,unilever
1374517648390680584,unilever
1374517449870086145,unilever
1374516194988806146,unilever
1374457116992278534,unilever
1374450528889962513,unilever
1374448549660749826,unilever
1374436142582358019,unilever
1374435622258044934,unilever
1374434364763774979,unilever
1374433818078109696,unilever
1374428969190060036,unilever
1374404233240346634,unilever
1374395537881899011,unilever
1374382427829850112,unilever
1374343421037481989,unilever
1374299233465950210,unilever
1374298768942624776,unilever
1374276479647772673,unilever
1374151315236917250,unilever
1374088760112128003,unilever
1374085006327386113,unilever
1374080356605960197,unilever
1374068055882358793,unilever
1374063920122458113,unilever
1374063741197688838,unilever
1374058891978280961,unilever
1374058737132957696,unilever
1374053599928532997,unilever
1374051713045303298,unilever
1374049045811896320,unilever
1374045233390919681,unilever
1374045099865247744,unilever
1374044481159266307,unilever
1374042787549564929,unilever
1374029909660733448,unilever
1373801515308118020,unilever
1373796744987779072,unilever
1373737250714968071,unilever
1373737095018254340,unilever
1373736859013054469,unilever
1373735724176928772,unilever
1373723631134543874,unilever
1373609585483784199,unilever
1373554220666744833,unilever
1373452048826396674,unilever
1373450709694246915,unilever
1373447802152382474,unilever
1373411319815229447,unilever
1373390127993483266,unilever
1373261038569803777,unilever
1373173461598801920,unilever
1373005034959466496,unilever
1373000069318803456,unilever
1372902900507181060,unilever
1372888106718928901,unilever
1372888105141817355,unilever
1372888103195709441,unilever
1372888098238033924,unilever
1372888096077938700,unilever
1372888093385228291,unilever
1372803523872710656,unilever
1372765586053230601,unilever
1372762170610520078,unilever
1372762022245408773,unilever
1372721980290465795,unilever
1372630582287462402,unilever
1372605772153065476,unilever
1372605544574242817,unilever
1372593545337401345,unilever
1372593050837426177,unilever
1372558052038086662,unilever
1372531555042754562,unilever
1372531552148684806,unilever
1372531544208855040,unilever
1372531533211389952,unilever
1372531525741334530,unilever
1372528312883499013,unilever
1372349141473320960,unilever
1372327413653270529,unilever
1372301202730328065,unilever
1372292580650545155,unilever
1372291959168016384,unilever
1372288300476637185,unilever
1372255812622503936,unilever
1372254924713517057,unilever
1372243850312359936,unilever
1372243680065556483,unilever
1372242557229359104,unilever
1372241090531577856,unilever
1372240747374596098,unilever
1372238144377004034,unilever
1372237841271459840,unilever
1372180675575623680,unilever
1372180668889899009,unilever
1372180658882236423,unilever
1372180652838227971,unilever
1372180646248988677,unilever
1372117456852975616,unilever
1371987472360480772,unilever
1371987150678286358,unilever
1371952418196484099,unilever
1371952223194857472,unilever
1371898143965515777,unilever
1371895965901234177,unilever
1371875898299850753,unilever
1371873016427077641,unilever
1371760016340963329,unilever
1371746575999991808,unilever
1371532467136434177,unilever
1371466144146616325,unilever
1371465261165899780,unilever
1371465122498015243,unilever
1371450348578033666,unilever
1371450180415987715,unilever
1371193438331314179,unilever
1370673903790555139,unilever
1370475917584179202,unilever
1370428470497579008,unilever
1370417697641566208,unilever
1370369032055033860,unilever
1370369021762285583,unilever
1370369012325040133,unilever
1370369002246172680,unilever
1370228511768649732,unilever
1370060955908853764,unilever
1370030852290322434,unilever
1370030847764664321,unilever
1370030841749966850,unilever
1370030837442437120,unilever
1370030830882545667,unilever
1370024224773918721,unilever
1369738384432721920,unilever
1369738350408523776,unilever
1369736875091501056,unilever
1369736357967368193,unilever
1369736195832389633,unilever
1369733259546873856,unilever
1369733162742390785,unilever
1369732843094429696,unilever
1369732665943883776,unilever
1369732217715392514,unilever
1369732021824581634,unilever
1369731554604314626,unilever
1369731384097468416,unilever
1369731192463921155,unilever
1369730836996624389,unilever
1369659135558582273,unilever
1369659134145134592,unilever
1369659132345802753,unilever
1369659130143735809,unilever
1369659127878803457,unilever
1369302455146536960,unilever
1369202294588334085,unilever
1369091313597968387,unilever
1368990469556944898,unilever
1368989730466041859,unilever
1368941386960166918,unilever
1368941121964044293,unilever
1368941064212652032,unilever
1368940940036104193,unilever
1368940761866178564,unilever
1368938562557784070,unilever
1368938201042272263,unilever
1368937913317289987,unilever
1368937190651215872,unilever
1368608792808583173,unilever
1368585480372064256,unilever
1368583369282363399,unilever
1368162694537211905,unilever
1367891658562560001,unilever
1367799489763938304,unilever
1367571552405979153,unilever
1367505318234763278,unilever
1367483167544799232,unilever
1367461227966959619,unilever
1366774547593261057,unilever
1366699052205821953,unilever
1366680175702859778,unilever
1366454810069716994,unilever
1366385934594269186,unilever
1366317300010352641,unilever
1365998685515960331,unilever
1365681344244637702,unilever
1365633781311234051,unilever
1365590495523667973,unilever
1365315433105158144,unilever
1365270969649147904,unilever
1364933261722550275,unilever
1364341861595291652,unilever
1364158056947277824,unilever
1363795034194247680,unilever
1363476170843512833,unilever
1363101343876022273,unilever
1362813808817954822,unilever
1362798986168397826,unilever
1362743610307973122,unilever
1362717655183015936,unilever
1362362978549592064,unilever
1362065518929223681,unilever
1361973663352975362,unilever
1361831324907040771,unilever
1361651540868538369,unilever
1361637567792349187,unilever
1361605518817710081,unilever
1361334199702212617,unilever
1361219023703339008,unilever
1360895811228299268,unilever
1360864102109831174,unilever
1360607662535176194,unilever
1360562615789834242,unilever
1360517065526837251,unilever
1360233720389619716,unilever
1360198969364652037,unilever
1360173021017890818,unilever
1360152161313644549,unilever
1360070159688364032,unilever
1360069483184877570,unilever
1360000668220719108,unilever
1359894972057591808,unilever
1359774174802186244,unilever
1359564604616171520,unilever
1359531571708006403,unilever
1359517731163303943,unilever
1359505147714367496,unilever
1359486776734269441,unilever
1359438709905620998,unilever
1359167829992480773,unilever
1359139488346173446,unilever
1359097461273473030,unilever
1358881790136623106,unilever
1358839523099111425,unilever
1358788424988303364,unilever
1358751431273111558,unilever
1358709152508497921,unilever
1358524147949703170,unilever
1358388540023914504,unilever
1358346764693221376,unilever
1358286114981822466,unilever
1358121530643873792,unilever
1358077949057015809,unilever
1358070947572555777,unilever
1358023636079108097,unilever
1357979847033774086,unilever
1357732222011252742,unilever
1357726748646006790,unilever
1357661751060254720,unilever
1357578703694295044,unilever
1357392477230010368,unilever
1357280930440884225,unilever
1357268020335435777,unilever
1357253028148051971,unilever
1357244135833485320,unilever
1357236281948971010,unilever
1357235356152848384,unilever
1356983028782833664,unilever
1356954843257004037,unilever
1356944525290209283,unilever
1356895200082202624,unilever
1356731569633779713,unilever
1356665267498012672,unilever
1356624164157681669,unilever
1356603528433700870,unilever
1356577859205177344,unilever
1356527275672559616,unilever
1356260014894137344,unilever
1356218241245356033,unilever
1356170927747125248,unilever
1355881772207255553,unilever
1355850314973282308,unilever
1355804513215672320,unilever
1355532219855433729,unilever
1355486165802037251,unilever
1355441622339751939,unilever
1355263223084138496,unilever
1355222279500689416,unilever
1355221072719736834,unilever
1355203050227589122,unilever
1355192869158436864,unilever
1355176377046228997,unilever
1355167063065591813,unilever
1355131327574544389,unilever
1355088042244120577,unilever
1354814741705703435,unilever
1354796118564089868,unilever
1354779509279449093,unilever
1354749814202904577,unilever
1354720621058543617,unilever
1354511544814428161,unilever
1354452857030758403,unilever
1354439770592563203,unilever
1354400763749928964,unilever
1354358736479875072,unilever
1354085184229027853,unilever
1354067568433086464,unilever
1354051713880252427,unilever
1354050665538969601,unilever
1354037369461219328,unilever
1354037171464757249,unilever
1354013714987401217,unilever
1354007509946822656,unilever
1353991160704987138,unilever
1353991158985330688,unilever
1353726976700403712,unilever
1353718517988798464,unilever
1353672716260315137,unilever
1353637735668592641,unilever
1353215863365672962,unilever
1352992735809036289,unilever
1352914973177991168,unilever
1352651660284358663,unilever
1352651617791860742,unilever
1352651521826181127,unilever
1352651095592628227,unilever
1352651093252182016,unilever
1352549062134796292,unilever
1352414590450036736,unilever
1352411603753295872,unilever
1352409656770007040,unilever
1352344240517382146,unilever
1352254929415491588,unilever
1352222804196913156,unilever
1352168701106253824,unilever
1352050780342247428,unilever
1351909850322661380,unilever
1351892139433742337,unilever
1351630183581839362,unilever
1351222151798468615,unilever
1351141034743353344,unilever
1351097749161164800,unilever
1350779149795917824,unilever
1350444947632128003,unilever
1350383794788843525,unilever
1350180234268561408,unilever
1350179123168047104,unilever
1350120556322963458,unilever
1350118334302326785,unilever
1350118173580820485,unilever
1350094764272738305,unilever
1350056387351511045,unilever
1349782735502544896,unilever
1349657513193472009,unilever
1349378168952508419,unilever
1349279518284947457,unilever
1348941582012182529,unilever
1348924680246161410,unilever
1348698439559897094,unilever
1348573366127628288,unilever
1348534274690056192,unilever
1348346108267749376,unilever
1348258792639758338,unilever
1348194116610318337,unilever
1347896152939761664,unilever
1347836761494466560,unilever
1347703620234399745,unilever
1347557124943974400,unilever
1347555319161835522,unilever
1347547600401166340,unilever
1347526718773465088,unilever
1347475756230692865,unilever
1347451234672893953,unilever
1347081689286238210,unilever
1346443078517723136,unilever
1346147883393945608,unilever
1346068107576672257,unilever
1346007588840865792,unilever
1345842855944732672,unilever
1345471419283505152,unilever
1345471304237924353,unilever
1345468468611657732,unilever
1345414186696773635,unilever
1345395369329401856,unilever
1345395237162635264,unilever
1345377076581318658,unilever
1345261009024516096,unilever
1345117574388879360,unilever
1345039674016890881,unilever
1344961853479395329,unilever
1344903988529926144,unilever
1344793961815224322,unilever
1344604190551715841,unilever
1342858945690390528,unilever
1342546016625520640,unilever
1342511362337980416,unilever
1342490843261726720,unilever
1342111162444492801,unilever
1341947363670204416,unilever
1341746652986679304,unilever
1341727165088473088,unilever
1341727160193740801,unilever
1341727155068297216,unilever
1341727149884133376,unilever
1341727144628674564,unilever
1341727139696140289,unilever
1341727134704955393,unilever
1341695879930142726,unilever
1340600328945713154,unilever
1340591269223919616,unilever
1340392799309447170,unilever
1340390862006579202,unilever
1340378498796376064,unilever
1340369139345498118,unilever
1340368752404176897,unilever
1340367760312860672,unilever
1340328590253064199,unilever
1340328538277175296,unilever
1340324763181334530,unilever
1340273424967606276,unilever
1340227876378046464,unilever
1339959607083470851,unilever
1339942494214053888,unilever
1339884612907102210,unilever
1339565007026176000,unilever
1339499324141686784,unilever
1339196076117659649,unilever
1339134923144302597,unilever
1338867158768480257,unilever
1338856443466792962,unilever
1338808523451473921,unilever
1338786891789983744,unilever
1338741077910568960,unilever
1338571972926730244,unilever
1338571437200658432,unilever
1338487449790517249,unilever
1338484221195792386,unilever
1338427970915069956,unilever
1338425069060689920,unilever
1338382591997726721,unilever
1338194438657601546,unilever
